symbol,date,close,high,low,open,volume,adjClose,adjHigh,adjLow,adjOpen,adjVolume,divCash,splitFactor
GOOG,2020-01-02,1367.37,1368.14,1341.55,1341.55,1406731,1367.37,1368.14,1341.55,1341.55,1406731,0.0,1.0
GOOG,2020-01-03,1360.66,1372.5,1345.54,1347.86,1187006,1360.66,1372.5,1345.54,1347.86,1187006,0.0,1.0
GOOG,2020-01-06,1394.21,1396.5,1350.0,1350.0,1733149,1394.21,1396.5,1350.0,1350.0,1733149,0.0,1.0
GOOG,2020-01-07,1393.34,1402.99,1390.38,1397.94,1511693,1393.34,1402.99,1390.38,1397.94,1511693,0.0,1.0
GOOG,2020-01-08,1404.32,1411.58,1390.84,1392.08,1529177,1404.32,1411.58,1390.84,1392.08,1529177,0.0,1.0
GOOG,2020-01-09,1419.83,1427.33,1410.27,1420.57,1502664,1419.83,1427.33,1410.27,1420.57,1502664,0.0,1.0
GOOG,2020-01-10,1429.73,1434.93,1418.35,1427.56,1821566,1429.73,1434.93,1418.35,1427.56,1821566,0.0,1.0
GOOG,2020-01-13,1439.23,1440.52,1426.02,1436.13,1378286,1439.23,1440.52,1426.02,1436.13,1378286,0.0,1.0
GOOG,2020-01-14,1430.88,1441.8,1428.37,1439.01,1560453,1430.88,1441.8,1428.37,1439.01,1560453,0.0,1.0
GOOG,2020-01-15,1439.2,1441.39,1430.21,1430.21,1282685,1439.2,1441.39,1430.21,1430.21,1282685,0.0,1.0
GOOG,2020-01-16,1451.7,1451.99,1440.92,1447.44,1173688,1451.7,1451.99,1440.92,1447.44,1173688,0.0,1.0
GOOG,2020-01-17,1480.39,1481.3,1458.22,1462.91,2396215,1480.39,1481.3,1458.22,1462.91,2396215,0.0,1.0
GOOG,2020-01-21,1484.4,1491.85,1471.2,1479.12,2008830,1484.4,1491.85,1471.2,1479.12,2008830,0.0,1.0
GOOG,2020-01-22,1485.95,1503.21,1484.93,1491.0,1610846,1485.95,1503.21,1484.93,1491.0,1610846,0.0,1.0
GOOG,2020-01-23,1486.65,1495.52,1482.1,1487.64,1351354,1486.65,1495.52,1482.1,1487.64,1351354,0.0,1.0
GOOG,2020-01-24,1466.71,1495.49,1465.25,1493.59,1784644,1466.71,1495.49,1465.25,1493.59,1784644,0.0,1.0
GOOG,2020-01-27,1433.9,1438.07,1421.2,1431.0,1755201,1433.9,1438.07,1421.2,1431.0,1755201,0.0,1.0
GOOG,2020-01-28,1452.56,1456.0,1432.47,1443.0,1577422,1452.56,1456.0,1432.47,1443.0,1577422,0.0,1.0
GOOG,2020-01-29,1458.63,1465.43,1446.74,1458.8,1078667,1458.63,1465.43,1446.74,1458.8,1078667,0.0,1.0
GOOG,2020-01-30,1455.84,1457.28,1436.4,1439.96,1339421,1455.84,1457.28,1436.4,1439.96,1339421,0.0,1.0
GOOG,2020-01-31,1434.23,1470.13,1428.53,1468.9,2417214,1434.23,1470.13,1428.53,1468.9,2417214,0.0,1.0
GOOG,2020-02-03,1485.94,1490.0,1458.99,1462.0,3055216,1485.94,1490.0,1458.99,1462.0,3055216,0.0,1.0
GOOG,2020-02-04,1447.07,1469.5,1426.3,1457.07,3932954,1447.07,1469.5,1426.3,1457.07,3932954,0.0,1.0
GOOG,2020-02-05,1448.23,1463.84,1430.56,1462.42,1986157,1448.23,1463.84,1430.56,1462.42,1986157,0.0,1.0
GOOG,2020-02-06,1476.23,1482.0,1449.57,1450.33,1679384,1476.23,1482.0,1449.57,1450.33,1679384,0.0,1.0
GOOG,2020-02-07,1479.23,1485.84,1466.35,1467.3,1172270,1479.23,1485.84,1466.35,1467.3,1172270,0.0,1.0
GOOG,2020-02-10,1508.68,1509.5,1474.32,1474.32,1419876,1508.68,1509.5,1474.32,1474.32,1419876,0.0,1.0
GOOG,2020-02-11,1508.79,1529.63,1505.64,1511.81,1344633,1508.79,1529.63,1505.64,1511.81,1344633,0.0,1.0
GOOG,2020-02-12,1518.27,1520.69,1508.11,1514.48,1167565,1518.27,1520.69,1508.11,1514.48,1167565,0.0,1.0
GOOG,2020-02-13,1514.66,1527.18,1504.6,1512.69,929730,1514.66,1527.18,1504.6,1512.69,929730,0.0,1.0
GOOG,2020-02-14,1520.74,1520.74,1507.34,1515.6,1197836,1520.74,1520.74,1507.34,1515.6,1197836,0.0,1.0
GOOG,2020-02-18,1519.67,1531.63,1512.59,1515.0,1121140,1519.67,1531.63,1512.59,1515.0,1121140,0.0,1.0
GOOG,2020-02-19,1526.69,1532.11,1521.4,1525.07,949268,1526.69,1532.11,1521.4,1525.07,949268,0.0,1.0
GOOG,2020-02-20,1518.15,1529.64,1506.82,1522.0,1096552,1518.15,1529.64,1506.82,1522.0,1096552,0.0,1.0
GOOG,2020-02-21,1485.11,1512.21,1480.44,1508.03,1732273,1485.11,1512.21,1480.44,1508.03,1732273,0.0,1.0
GOOG,2020-02-24,1421.59,1436.97,1411.39,1426.11,2867053,1421.59,1436.97,1411.39,1426.11,2867053,0.0,1.0
GOOG,2020-02-25,1388.45,1438.14,1382.4,1433.0,2478278,1388.45,1438.14,1382.4,1433.0,2478278,0.0,1.0
GOOG,2020-02-26,1393.18,1415.7,1379.0,1396.14,2204037,1393.18,1415.7,1379.0,1396.14,2204037,0.0,1.0
GOOG,2020-02-27,1318.09,1371.7,1317.17,1362.06,2978300,1318.09,1371.7,1317.17,1362.06,2978300,0.0,1.0
GOOG,2020-02-28,1339.33,1341.14,1271.0,1277.5,3790618,1339.33,1341.14,1271.0,1277.5,3790618,0.0,1.0
GOOG,2020-03-02,1389.11,1390.87,1326.82,1351.61,2431468,1389.11,1390.87,1326.82,1351.61,2431468,0.0,1.0
GOOG,2020-03-03,1341.39,1410.15,1332.0,1399.42,2402326,1341.39,1410.15,1332.0,1399.42,2402326,0.0,1.0
GOOG,2020-03-04,1386.52,1388.09,1343.11,1359.23,1913315,1386.52,1388.09,1343.11,1359.23,1913315,0.0,1.0
GOOG,2020-03-05,1319.04,1358.91,1305.1,1350.2,2561288,1319.04,1358.91,1305.1,1350.2,2561288,0.0,1.0
GOOG,2020-03-06,1298.41,1306.22,1261.05,1277.06,2660628,1298.41,1306.22,1261.05,1277.06,2660628,0.0,1.0
GOOG,2020-03-09,1215.56,1254.76,1200.0,1205.3,3365365,1215.56,1254.76,1200.0,1205.3,3365365,0.0,1.0
GOOG,2020-03-10,1280.39,1281.15,1218.77,1260.0,2611373,1280.39,1281.15,1218.77,1260.0,2611373,0.0,1.0
GOOG,2020-03-11,1215.41,1260.96,1196.07,1249.7,2611229,1215.41,1260.96,1196.07,1249.7,2611229,0.0,1.0
GOOG,2020-03-12,1114.91,1193.87,1113.3,1126.0,4226748,1114.91,1193.87,1113.3,1126.0,4226748,0.0,1.0
GOOG,2020-03-13,1219.73,1219.76,1117.14,1179.0,3700125,1219.73,1219.76,1117.14,1179.0,3700125,0.0,1.0
GOOG,2020-03-16,1084.33,1152.27,1074.44,1096.0,4252365,1084.33,1152.27,1074.44,1096.0,4252365,0.0,1.0
GOOG,2020-03-17,1119.8,1130.86,1056.01,1093.11,3861489,1119.8,1130.86,1056.01,1093.11,3861489,0.0,1.0
GOOG,2020-03-18,1096.8,1106.5,1037.28,1056.51,4233435,1096.8,1106.5,1037.28,1056.51,4233435,0.0,1.0
GOOG,2020-03-19,1115.29,1157.97,1060.11,1093.05,3651106,1115.29,1157.97,1060.11,1093.05,3651106,0.0,1.0
GOOG,2020-03-20,1072.32,1143.99,1065.49,1135.72,3601750,1072.32,1143.99,1065.49,1135.72,3601750,0.0,1.0
GOOG,2020-03-23,1056.62,1071.32,1013.54,1061.32,4044137,1056.62,1071.32,1013.54,1061.32,4044137,0.0,1.0
GOOG,2020-03-24,1134.46,1135.0,1090.62,1103.77,3344450,1134.46,1135.0,1090.62,1103.77,3344450,0.0,1.0
GOOG,2020-03-25,1102.49,1148.9,1086.01,1126.47,4081528,1102.49,1148.9,1086.01,1126.47,4081528,0.0,1.0
GOOG,2020-03-26,1161.75,1169.97,1093.53,1111.8,3573755,1161.75,1169.97,1093.53,1111.8,3573755,0.0,1.0
GOOG,2020-03-27,1110.71,1150.67,1105.91,1125.67,3208495,1110.71,1150.67,1105.91,1125.67,3208495,0.0,1.0
GOOG,2020-03-30,1146.82,1151.63,1096.48,1125.04,2574061,1146.82,1151.63,1096.48,1125.04,2574061,0.0,1.0
GOOG,2020-03-31,1162.81,1175.31,1138.14,1147.3,2487983,1162.81,1175.31,1138.14,1147.3,2487983,0.0,1.0
GOOG,2020-04-01,1105.62,1129.69,1097.45,1122.0,2344173,1105.62,1129.69,1097.45,1122.0,2344173,0.0,1.0
GOOG,2020-04-02,1120.84,1126.86,1096.4,1098.26,1964881,1120.84,1126.86,1096.4,1098.26,1964881,0.0,1.0
GOOG,2020-04-03,1097.88,1123.54,1079.81,1119.02,2313400,1097.88,1123.54,1079.81,1119.02,2313400,0.0,1.0
GOOG,2020-04-06,1186.92,1194.66,1130.94,1138.0,2664723,1186.92,1194.66,1130.94,1138.0,2664723,0.0,1.0
GOOG,2020-04-07,1186.51,1225.0,1182.23,1221.0,2387329,1186.51,1225.0,1182.23,1221.0,2387329,0.0,1.0
GOOG,2020-04-08,1210.28,1219.07,1188.16,1206.5,1975135,1210.28,1219.07,1188.16,1206.5,1975135,0.0,1.0
GOOG,2020-04-09,1211.45,1225.57,1196.74,1224.08,2175421,1211.45,1225.57,1196.74,1224.08,2175421,0.0,1.0
GOOG,2020-04-13,1217.56,1220.51,1187.6,1209.18,1739828,1217.56,1220.51,1187.6,1209.18,1739828,0.0,1.0
GOOG,2020-04-14,1269.23,1282.07,1236.93,1245.09,2470353,1269.23,1282.07,1236.93,1245.09,2470353,0.0,1.0
GOOG,2020-04-15,1262.47,1280.46,1240.4,1245.61,1671703,1262.47,1280.46,1240.4,1245.61,1671703,0.0,1.0
GOOG,2020-04-16,1263.47,1279.0,1242.62,1274.1,2518099,1263.47,1279.0,1242.62,1274.1,2518099,0.0,1.0
GOOG,2020-04-17,1283.25,1294.43,1271.23,1284.85,1949042,1283.25,1294.43,1271.23,1284.85,1949042,0.0,1.0
GOOG,2020-04-20,1266.61,1281.6,1261.37,1271.0,1695488,1266.61,1281.6,1261.37,1271.0,1695488,0.0,1.0
GOOG,2020-04-21,1216.34,1254.27,1209.71,1247.0,2153003,1216.34,1254.27,1209.71,1247.0,2153003,0.0,1.0
GOOG,2020-04-22,1263.21,1285.61,1242.0,1245.54,2093140,1263.21,1285.61,1242.0,1245.54,2093140,0.0,1.0
GOOG,2020-04-23,1276.31,1293.31,1265.67,1271.55,1566203,1276.31,1293.31,1265.67,1271.55,1566203,0.0,1.0
GOOG,2020-04-24,1279.31,1280.4,1249.45,1261.17,1640394,1279.31,1280.4,1249.45,1261.17,1640394,0.0,1.0
GOOG,2020-04-27,1275.88,1296.15,1269.0,1296.0,1600563,1275.88,1296.15,1269.0,1296.0,1600563,0.0,1.0
GOOG,2020-04-28,1233.67,1288.05,1232.2,1287.93,2951309,1233.67,1288.05,1232.2,1287.93,2951309,0.0,1.0
GOOG,2020-04-29,1341.48,1359.99,1325.34,1341.46,3793630,1341.48,1359.99,1325.34,1341.46,3793630,0.0,1.0
GOOG,2020-04-30,1348.66,1352.82,1322.49,1324.88,2668906,1348.66,1352.82,1322.49,1324.88,2668906,0.0,1.0
GOOG,2020-05-01,1320.61,1352.07,1311.0,1328.5,2072639,1320.61,1352.07,1311.0,1328.5,2072639,0.0,1.0
GOOG,2020-05-04,1326.8,1327.66,1299.0,1308.23,1504017,1326.8,1327.66,1299.0,1308.23,1504017,0.0,1.0
GOOG,2020-05-05,1351.11,1373.94,1337.46,1337.92,1651533,1351.11,1373.94,1337.46,1337.92,1651533,0.0,1.0
GOOG,2020-05-06,1347.3,1371.12,1347.29,1361.69,1215423,1347.3,1371.12,1347.29,1361.69,1215423,0.0,1.0
GOOG,2020-05-07,1372.56,1377.6,1355.27,1365.94,1399759,1372.56,1377.6,1355.27,1365.94,1399759,0.0,1.0
GOOG,2020-05-08,1388.37,1398.76,1375.48,1383.13,1388068,1388.37,1398.76,1375.48,1383.13,1388068,0.0,1.0
GOOG,2020-05-11,1403.26,1416.53,1377.15,1378.28,1412116,1403.26,1416.53,1377.15,1378.28,1412116,0.0,1.0
GOOG,2020-05-12,1375.74,1415.0,1374.77,1407.12,1390600,1375.74,1415.0,1374.77,1407.12,1390600,0.0,1.0
GOOG,2020-05-13,1349.33,1385.48,1328.4,1377.05,1812585,1349.33,1385.48,1328.4,1377.05,1812585,0.0,1.0
GOOG,2020-05-14,1356.13,1357.42,1323.91,1335.02,1603077,1356.13,1357.42,1323.91,1335.02,1603077,0.0,1.0
GOOG,2020-05-15,1373.19,1374.48,1339.0,1350.0,1707747,1373.19,1374.48,1339.0,1350.0,1707747,0.0,1.0
GOOG,2020-05-18,1383.94,1392.33,1354.25,1361.75,1823964,1383.94,1392.33,1354.25,1361.75,1823964,0.0,1.0
GOOG,2020-05-19,1373.48,1392.0,1373.48,1387.0,1280649,1373.48,1392.0,1373.48,1387.0,1280649,0.0,1.0
GOOG,2020-05-20,1406.72,1410.42,1387.25,1389.58,1655375,1406.72,1410.42,1387.25,1389.58,1655375,0.0,1.0
GOOG,2020-05-21,1402.8,1415.49,1393.45,1408.0,1378020,1402.8,1415.49,1393.45,1408.0,1378020,0.0,1.0
GOOG,2020-05-22,1410.42,1412.76,1391.83,1396.71,1309408,1410.42,1412.76,1391.83,1396.71,1309408,0.0,1.0
GOOG,2020-05-26,1417.02,1441.0,1412.13,1437.27,2060643,1417.02,1441.0,1412.13,1437.27,2060643,0.0,1.0
GOOG,2020-05-27,1417.84,1421.74,1391.29,1417.25,1686142,1417.84,1421.74,1391.29,1417.25,1686142,0.0,1.0
GOOG,2020-05-28,1416.73,1440.84,1396.0,1396.86,1693976,1416.73,1440.84,1396.0,1396.86,1693976,0.0,1.0
GOOG,2020-05-29,1428.92,1432.57,1413.35,1416.94,1838059,1428.92,1432.57,1413.35,1416.94,1838059,0.0,1.0
GOOG,2020-06-01,1431.82,1437.96,1418.0,1418.39,1217140,1431.82,1437.96,1418.0,1418.39,1217140,0.0,1.0
GOOG,2020-06-02,1439.22,1439.61,1418.83,1430.55,1278128,1439.22,1439.61,1418.83,1430.55,1278128,0.0,1.0
GOOG,2020-06-03,1436.38,1446.55,1429.78,1438.3,1256186,1436.38,1446.55,1429.78,1438.3,1256186,0.0,1.0
GOOG,2020-06-04,1412.18,1438.96,1404.73,1430.4,1484272,1412.18,1438.96,1404.73,1430.4,1484272,0.0,1.0
GOOG,2020-06-05,1438.39,1445.05,1406.0,1413.17,1735244,1438.39,1445.05,1406.0,1413.17,1735244,0.0,1.0
GOOG,2020-06-08,1446.61,1447.99,1422.34,1422.34,1404178,1446.61,1447.99,1422.34,1422.34,1404178,0.0,1.0
GOOG,2020-06-09,1456.16,1468.0,1443.21,1445.36,1409249,1456.16,1468.0,1443.21,1445.36,1409249,0.0,1.0
GOOG,2020-06-10,1465.85,1474.26,1456.27,1459.54,1525153,1465.85,1474.26,1456.27,1459.54,1525153,0.0,1.0
GOOG,2020-06-11,1403.84,1454.47,1402.0,1442.48,1991332,1403.84,1454.47,1402.0,1442.48,1991332,0.0,1.0
GOOG,2020-06-12,1413.18,1437.0,1386.02,1428.49,1946367,1413.18,1437.0,1386.02,1428.49,1946367,0.0,1.0
GOOG,2020-06-15,1419.85,1424.8,1387.92,1390.8,1506096,1419.85,1424.8,1387.92,1390.8,1506096,0.0,1.0
GOOG,2020-06-16,1442.72,1455.02,1425.9,1445.22,1711614,1442.72,1455.02,1425.9,1445.22,1711614,0.0,1.0
GOOG,2020-06-17,1451.12,1460.0,1431.38,1447.16,1549615,1451.12,1460.0,1431.38,1447.16,1549615,0.0,1.0
GOOG,2020-06-18,1435.96,1451.41,1427.01,1449.16,1581916,1435.96,1451.41,1427.01,1449.16,1581916,0.0,1.0
GOOG,2020-06-19,1431.72,1447.8,1421.35,1444.0,3157875,1431.72,1447.8,1421.35,1444.0,3157875,0.0,1.0
GOOG,2020-06-22,1451.86,1452.75,1423.21,1429.0,1542440,1451.86,1452.75,1423.21,1429.0,1542440,0.0,1.0
GOOG,2020-06-23,1464.41,1475.94,1445.24,1455.64,1429764,1464.41,1475.94,1445.24,1455.64,1429764,0.0,1.0
GOOG,2020-06-24,1431.97,1475.42,1429.75,1461.51,1756022,1431.97,1475.42,1429.75,1461.51,1756022,0.0,1.0
GOOG,2020-06-25,1441.33,1442.9,1420.0,1429.9,1230474,1441.33,1442.9,1420.0,1429.9,1230474,0.0,1.0
GOOG,2020-06-26,1359.9,1433.45,1351.99,1431.39,4267698,1359.9,1433.45,1351.99,1431.39,4267698,0.0,1.0
GOOG,2020-06-29,1394.97,1395.6,1347.01,1358.18,1810200,1394.97,1395.6,1347.01,1358.18,1810200,0.0,1.0
GOOG,2020-06-30,1413.61,1418.65,1383.96,1390.44,2042400,1413.61,1418.65,1383.96,1390.44,2042400,0.0,1.0
GOOG,2020-07-01,1438.04,1443.0,1409.82,1411.1,1775600,1438.04,1443.0,1409.82,1411.1,1775600,0.0,1.0
GOOG,2020-07-02,1464.7,1482.95,1446.42,1446.94,1859800,1464.7,1482.95,1446.42,1446.94,1859800,0.0,1.0
GOOG,2020-07-06,1495.7,1506.59,1472.86,1480.06,1564000,1495.7,1506.59,1472.86,1480.06,1564000,0.0,1.0
GOOG,2020-07-07,1485.18,1516.8,1483.55,1490.0,1458200,1485.18,1516.8,1483.55,1490.0,1458200,0.0,1.0
GOOG,2020-07-08,1496.0,1505.88,1485.63,1494.32,1249700,1496.0,1505.88,1485.63,1494.32,1249700,0.0,1.0
GOOG,2020-07-09,1510.99,1522.72,1488.08,1506.45,1423300,1510.99,1522.72,1488.085,1506.45,1423300,0.0,1.0
GOOG,2020-07-10,1541.74,1543.83,1496.54,1506.15,1857200,1541.74,1543.83,1496.54,1506.15,1857200,0.0,1.0
GOOG,2020-07-13,1511.34,1577.13,1505.24,1550.0,1846400,1511.34,1577.132,1505.243,1550.0,1846400,0.0,1.0
GOOG,2020-07-14,1520.58,1522.95,1483.5,1490.31,1585000,1520.58,1522.95,1483.5,1490.31,1585000,0.0,1.0
GOOG,2020-07-15,1513.64,1535.33,1498.0,1523.13,1761000,1513.64,1535.33,1498.0,1523.13,1761000,0.0,1.0
GOOG,2020-07-16,1518.0,1518.69,1486.31,1500.0,1519300,1518.0,1518.69,1486.31,1500.0,1519300,0.0,1.0
GOOG,2020-07-17,1515.55,1523.44,1498.42,1521.62,1457000,1515.55,1523.44,1498.42,1521.62,1457000,0.0,1.0
GOOG,2020-07-20,1565.72,1570.29,1503.6,1515.26,1547136,1565.72,1570.29,1503.6,1515.26,1547136,0.0,1.0
GOOG,2020-07-21,1558.42,1586.99,1554.28,1586.99,1183101,1558.42,1586.99,1554.28,1586.99,1183101,0.0,1.0
GOOG,2020-07-22,1568.49,1570.0,1546.1,1560.5,931985,1568.49,1570.0,1546.1,1560.5,931985,0.0,1.0
GOOG,2020-07-23,1515.68,1571.87,1507.3918,1566.97,1627634,1515.68,1571.87,1507.3918,1566.97,1627634,0.0,1.0
GOOG,2020-07-24,1511.87,1517.6362,1488.4,1498.93,1544404,1511.87,1517.6362,1488.4,1498.93,1544404,0.0,1.0
GOOG,2020-07-27,1530.2,1540.97,1515.21,1515.6,1245980,1530.2,1540.97,1515.21,1515.6,1245980,0.0,1.0
GOOG,2020-07-28,1500.34,1526.48,1497.66,1525.18,1702174,1500.34,1526.48,1497.66,1525.18,1702174,0.0,1.0
GOOG,2020-07-29,1522.02,1531.2522,1501.33,1506.32,1106534,1522.02,1531.2522,1501.33,1506.32,1106534,0.0,1.0
GOOG,2020-07-30,1531.45,1537.87,1492.22,1497.0,1671396,1531.45,1537.87,1492.22,1497.0,1671396,0.0,1.0
GOOG,2020-07-31,1482.96,1508.95,1454.03,1505.01,3429036,1482.96,1508.95,1454.03,1505.01,3429036,0.0,1.0
GOOG,2020-08-03,1474.45,1490.47,1465.64,1486.64,2331514,1474.45,1490.47,1465.64,1486.64,2331514,0.0,1.0
GOOG,2020-08-04,1464.97,1485.56,1458.65,1476.57,1903489,1464.97,1485.56,1458.65,1476.57,1903489,0.0,1.0
GOOG,2020-08-05,1473.61,1482.41,1463.46,1469.3,1979957,1473.61,1482.41,1463.46,1469.3,1979957,0.0,1.0
GOOG,2020-08-06,1500.1,1502.39,1466.0,1471.75,1995368,1500.1,1502.39,1466.0,1471.75,1995368,0.0,1.0
GOOG,2020-08-07,1494.49,1516.845,1481.64,1500.0,1577826,1494.49,1516.845,1481.64,1500.0,1577826,0.0,1.0
GOOG,2020-08-10,1496.1,1504.075,1473.08,1487.18,1289530,1496.1,1504.075,1473.08,1487.18,1289530,0.0,1.0
GOOG,2020-08-11,1480.32,1510.0,1478.0,1492.44,1454365,1480.32,1510.0,1478.0,1492.44,1454365,0.0,1.0
GOOG,2020-08-12,1506.62,1512.3859,1485.25,1485.58,1437655,1506.62,1512.3859,1485.25,1485.58,1437655,0.0,1.0
GOOG,2020-08-13,1518.45,1537.25,1508.005,1510.34,1455208,1518.45,1537.25,1508.005,1510.34,1455208,0.0,1.0
GOOG,2020-08-14,1507.73,1521.9,1502.88,1515.66,1355200,1507.73,1521.9,1502.88,1515.66,1355200,0.0,1.0
GOOG,2020-08-17,1517.98,1525.61,1507.97,1514.67,1364082,1517.98,1525.61,1507.97,1514.67,1364082,0.0,1.0
GOOG,2020-08-18,1558.6,1562.47,1523.71,1526.18,2027086,1558.6,1562.47,1523.71,1526.18,2027086,0.0,1.0
GOOG,2020-08-19,1547.53,1573.68,1543.95,1553.31,1660611,1547.53,1573.68,1543.95,1553.31,1660611,0.0,1.0
GOOG,2020-08-20,1581.75,1585.87,1538.2,1543.45,1706877,1581.75,1585.87,1538.2,1543.45,1706877,0.0,1.0
GOOG,2020-08-21,1580.42,1597.72,1568.005,1577.03,1446453,1580.42,1597.72,1568.005,1577.03,1446453,0.0,1.0
GOOG,2020-08-24,1588.2,1614.17,1580.57,1593.98,1410229,1588.2,1614.17,1580.57,1593.98,1410229,0.0,1.0
GOOG,2020-08-25,1608.22,1611.62,1582.07,1582.07,2132084,1608.22,1611.62,1582.07,1582.07,2132084,0.0,1.0
GOOG,2020-08-26,1652.38,1659.22,1603.6,1608.0,3581072,1652.38,1659.22,1603.6,1608.0,3581072,0.0,1.0
GOOG,2020-08-27,1634.33,1655.0,1625.75,1653.68,1861602,1634.33,1655.0,1625.75,1653.68,1861602,0.0,1.0
GOOG,2020-08-28,1644.41,1647.1699,1630.75,1633.49,1499782,1644.41,1647.1699,1630.75,1633.49,1499782,0.0,1.0
GOOG,2020-08-31,1634.18,1647.965,1630.31,1647.89,1823406,1634.18,1647.965,1630.31,1647.89,1823406,0.0,1.0
GOOG,2020-09-01,1660.71,1665.73,1632.22,1636.63,1826655,1660.71,1665.73,1632.22,1636.63,1826655,0.0,1.0
GOOG,2020-09-02,1728.28,1733.1799,1666.3301,1673.7754,2511180,1728.28,1733.1799,1666.3301,1673.7754,2511180,0.0,1.0
GOOG,2020-09-03,1641.84,1709.7143,1615.06,1709.7143,3107763,1641.84,1709.7143,1615.06,1709.7143,3107763,0.0,1.0
GOOG,2020-09-04,1591.04,1645.11,1547.6125,1624.26,2608568,1591.04,1645.11,1547.6125,1624.26,2608568,0.0,1.0
GOOG,2020-09-08,1532.39,1563.865,1528.01,1533.51,2610884,1532.39,1563.865,1528.01,1533.51,2610884,0.0,1.0
GOOG,2020-09-09,1556.96,1569.0,1536.0511,1557.53,1774704,1556.96,1569.0,1536.0511,1557.53,1774704,0.0,1.0
GOOG,2020-09-10,1532.02,1584.081,1525.805,1560.64,1618557,1532.02,1584.081,1525.805,1560.64,1618557,0.0,1.0
GOOG,2020-09-11,1520.72,1575.2,1497.36,1536.0,1597087,1520.72,1575.2,1497.36,1536.0,1597087,0.0,1.0
GOOG,2020-09-14,1519.28,1563.9999,1515.74,1539.005,1696589,1519.28,1563.9999,1515.74,1539.005,1696589,0.0,1.0
GOOG,2020-09-15,1541.44,1559.57,1531.835,1536.0,1331082,1541.44,1559.57,1531.835,1536.0,1331082,0.0,1.0
GOOG,2020-09-16,1520.9,1562.0,1519.82,1555.54,1312299,1520.9,1562.0,1519.82,1555.54,1312299,0.0,1.0
GOOG,2020-09-17,1495.53,1508.2984,1470.0001,1496.0,1879751,1495.53,1508.2984,1470.0001,1496.0,1879751,0.0,1.0
GOOG,2020-09-18,1459.99,1503.0032,1437.13,1498.01,3103882,1459.99,1503.0032,1437.13,1498.01,3103882,0.0,1.0
GOOG,2020-09-21,1431.16,1448.36,1406.55,1440.06,2888827,1431.16,1448.36,1406.55,1440.06,2888827,0.0,1.0
GOOG,2020-09-22,1465.46,1469.52,1434.53,1450.09,1583201,1465.46,1469.52,1434.53,1450.09,1583201,0.0,1.0
GOOG,2020-09-23,1415.21,1460.96,1407.7,1458.78,1657350,1415.21,1460.96,1407.7,1458.78,1657350,0.0,1.0
GOOG,2020-09-24,1428.29,1443.7088,1409.85,1411.03,1450216,1428.29,1443.7088,1409.85,1411.03,1450216,0.0,1.0
GOOG,2020-09-25,1444.96,1450.0,1413.34,1432.63,1323375,1444.96,1450.0,1413.34,1432.63,1323375,0.0,1.0
GOOG,2020-09-28,1464.52,1476.8,1449.3012,1474.21,2007941,1464.52,1476.8,1449.3012,1474.21,2007941,0.0,1.0
GOOG,2020-09-29,1469.33,1476.6632,1458.805,1470.39,979102,1469.33,1476.6632,1458.805,1470.39,979102,0.0,1.0
GOOG,2020-09-30,1469.6,1489.75,1459.88,1466.8,1701608,1469.6,1489.75,1459.88,1466.8,1701608,0.0,1.0
GOOG,2020-10-01,1490.09,1499.04,1479.21,1484.27,1779497,1490.09,1499.04,1479.21,1484.27,1779497,0.0,1.0
GOOG,2020-10-02,1458.42,1483.2,1450.92,1462.03,1284071,1458.42,1483.2,1450.92,1462.03,1284071,0.0,1.0
GOOG,2020-10-05,1486.02,1488.21,1464.27,1466.21,1113257,1486.02,1488.21,1464.27,1466.21,1113257,0.0,1.0
GOOG,2020-10-06,1453.44,1486.76,1448.5901,1475.58,1245423,1453.44,1486.76,1448.5901,1475.58,1245423,0.0,1.0
GOOG,2020-10-07,1460.29,1468.96,1436.0,1464.29,1746156,1460.29,1468.96,1436.0,1464.29,1746156,0.0,1.0
GOOG,2020-10-08,1485.93,1490.0,1465.09,1465.09,1187831,1485.93,1490.0,1465.09,1465.09,1187831,0.0,1.0
GOOG,2020-10-09,1515.22,1516.52,1489.45,1494.7,1435542,1515.22,1516.52,1489.45,1494.7,1435542,0.0,1.0
GOOG,2020-10-12,1569.15,1593.86,1532.57,1543.0,2482560,1569.15,1593.86,1532.57,1543.0,2482560,0.0,1.0
GOOG,2020-10-13,1571.68,1590.0,1563.2,1583.73,1601043,1571.68,1590.0,1563.2,1583.73,1601043,0.0,1.0
GOOG,2020-10-14,1568.08,1587.6841,1550.53,1578.59,1930990,1568.08,1587.6841,1550.53,1578.59,1930990,0.0,1.0
GOOG,2020-10-15,1559.13,1575.105,1545.03,1547.15,1540817,1559.13,1575.105,1545.03,1547.15,1540817,0.0,1.0
GOOG,2020-10-16,1573.01,1581.13,1563.0,1565.85,1435137,1573.01,1581.13,1563.0,1565.85,1435137,0.0,1.0
GOOG,2020-10-19,1534.61,1588.15,1528.0,1580.46,1607075,1534.61,1588.15,1528.0,1580.46,1607075,0.0,1.0
GOOG,2020-10-20,1555.93,1577.5,1525.67,1527.05,2242572,1555.93,1577.5,1525.67,1527.05,2242572,0.0,1.0
GOOG,2020-10-21,1593.31,1618.73,1571.6301,1573.33,2568345,1593.31,1618.73,1571.6301,1573.33,2568345,0.0,1.0
GOOG,2020-10-22,1615.33,1621.99,1585.0,1593.05,1434042,1615.33,1621.99,1585.0,1593.05,1434042,0.0,1.0
GOOG,2020-10-23,1641.0,1642.36,1620.51,1626.07,1375844,1641.0,1642.36,1620.51,1626.07,1375844,0.0,1.0
GOOG,2020-10-26,1590.45,1638.24,1576.5,1625.01,1853254,1590.45,1638.24,1576.5,1625.01,1853254,0.0,1.0
GOOG,2020-10-27,1604.26,1606.845,1582.78,1595.67,1229002,1604.26,1606.845,1582.78,1595.67,1229002,0.0,1.0
GOOG,2020-10-28,1516.62,1561.35,1514.62,1559.74,1833959,1516.62,1561.35,1514.62,1559.74,1833959,0.0,1.0
GOOG,2020-10-29,1567.24,1593.71,1522.24,1522.36,2003064,1567.24,1593.71,1522.24,1522.36,2003064,0.0,1.0
GOOG,2020-10-30,1621.01,1687.0,1604.46,1672.11,4330862,1621.01,1687.0,1604.46,1672.11,4330862,0.0,1.0
GOOG,2020-11-02,1626.03,1660.77,1616.03,1628.16,2535446,1626.03,1660.77,1616.03,1628.16,2535446,0.0,1.0
GOOG,2020-11-03,1650.21,1661.7,1616.6201,1631.78,1661653,1650.21,1661.7,1616.6201,1631.78,1661653,0.0,1.0
GOOG,2020-11-04,1749.13,1771.365,1706.0301,1710.28,3570927,1749.13,1771.365,1706.0301,1710.28,3570927,0.0,1.0
GOOG,2020-11-05,1763.37,1793.64,1750.51,1781.0,2065812,1763.37,1793.64,1750.51,1781.0,2065812,0.0,1.0
GOOG,2020-11-06,1761.75,1772.43,1740.35,1753.95,1661225,1761.75,1772.43,1740.35,1753.95,1661225,0.0,1.0
GOOG,2020-11-09,1763.0,1818.06,1760.02,1790.9,2268270,1763.0,1818.06,1760.02,1790.9,2268270,0.0,1.0
GOOG,2020-11-10,1740.39,1763.0,1717.3,1731.09,2636142,1740.39,1763.0,1717.3,1731.09,2636142,0.0,1.0
GOOG,2020-11-11,1752.71,1764.22,1747.365,1750.0,1263966,1752.71,1764.22,1747.365,1750.0,1263966,0.0,1.0
GOOG,2020-11-12,1749.84,1768.27,1745.6,1747.63,1248754,1749.84,1768.27,1745.6,1747.63,1248754,0.0,1.0
GOOG,2020-11-13,1777.02,1781.04,1744.55,1757.63,1500574,1777.02,1781.04,1744.55,1757.63,1500574,0.0,1.0
GOOG,2020-11-16,1781.38,1799.07,1767.69,1771.7,1246785,1781.38,1799.07,1767.69,1771.7,1246785,0.0,1.0
GOOG,2020-11-17,1770.15,1785.0,1767.0,1776.94,1147114,1770.15,1785.0,1767.0,1776.94,1147114,0.0,1.0
GOOG,2020-11-18,1746.78,1773.47,1746.14,1765.23,1173466,1746.78,1773.47,1746.14,1765.23,1173466,0.0,1.0
GOOG,2020-11-19,1763.92,1769.5897,1737.005,1738.38,1249910,1763.92,1769.5897,1737.005,1738.38,1249910,0.0,1.0
GOOG,2020-11-20,1742.19,1774.0,1741.86,1765.21,2313655,1742.19,1774.0,1741.86,1765.21,2313655,0.0,1.0
GOOG,2020-11-23,1734.86,1753.9,1717.72,1749.6,2161975,1734.86,1753.9,1717.72,1749.6,2161975,0.0,1.0
GOOG,2020-11-24,1768.88,1771.6,1727.69,1730.5,1491698,1768.88,1771.6,1727.69,1730.5,1491698,0.0,1.0
GOOG,2020-11-25,1771.43,1778.54,1756.54,1772.89,1046122,1771.43,1778.54,1756.54,1772.89,1046122,0.0,1.0
GOOG,2020-11-27,1793.19,1804.0,1772.44,1773.09,884916,1793.19,1804.0,1772.44,1773.09,884916,0.0,1.0
GOOG,2020-11-30,1760.74,1788.065,1755.0,1781.1844,1823836,1760.74,1788.065,1755.0,1781.1844,1823836,0.0,1.0
GOOG,2020-12-01,1798.1,1824.83,1769.37,1774.37,1693593,1798.1,1824.83,1769.37,1774.37,1693593,0.0,1.0
GOOG,2020-12-02,1827.95,1835.65,1789.4725,1798.1,1222032,1827.95,1835.65,1789.4725,1798.1,1222032,0.0,1.0
GOOG,2020-12-03,1826.77,1847.2,1822.65,1824.01,1227298,1826.77,1847.2,1822.65,1824.01,1227298,0.0,1.0
GOOG,2020-12-04,1827.99,1833.16,1816.99,1824.52,1378166,1827.99,1833.16,1816.99,1824.52,1378166,0.0,1.0
GOOG,2020-12-07,1819.48,1832.37,1805.78,1819.0,1320946,1819.48,1832.37,1805.78,1819.0,1320946,0.0,1.0
GOOG,2020-12-08,1818.55,1821.9,1796.2047,1810.1,1096319,1818.55,1821.9,1796.2047,1810.1,1096319,0.0,1.0
GOOG,2020-12-09,1784.13,1834.27,1767.81,1812.01,1507558,1784.13,1834.27,1767.81,1812.01,1507558,0.0,1.0
GOOG,2020-12-10,1775.33,1781.31,1740.32,1769.8,1362848,1775.33,1781.31,1740.32,1769.8,1362848,0.0,1.0
GOOG,2020-12-11,1781.77,1784.45,1760.0,1763.06,1220651,1781.77,1784.45,1760.0,1763.06,1220651,0.0,1.0
GOOG,2020-12-14,1760.06,1797.39,1757.215,1775.0,1600173,1760.06,1797.39,1757.215,1775.0,1600173,0.0,1.0
GOOG,2020-12-15,1767.77,1771.42,1749.95,1764.42,1482261,1767.77,1771.42,1749.95,1764.42,1482261,0.0,1.0
GOOG,2020-12-16,1763.0,1773.0,1756.08,1772.88,1513543,1763.0,1773.0,1756.08,1772.88,1513543,0.0,1.0
GOOG,2020-12-17,1747.9,1771.7836,1738.66,1768.51,1624744,1747.9,1771.7836,1738.66,1768.51,1624744,0.0,1.0
GOOG,2020-12-18,1731.01,1755.11,1720.22,1754.18,4016353,1731.01,1755.11,1720.22,1754.18,4016353,0.0,1.0
GOOG,2020-12-21,1739.37,1740.85,1699.0,1713.51,1828378,1739.37,1740.85,1699.0,1713.51,1828378,0.0,1.0
GOOG,2020-12-22,1723.5,1737.405,1712.575,1734.43,938346,1723.5,1737.405,1712.575,1734.43,938346,0.0,1.0
GOOG,2020-12-23,1732.38,1747.99,1725.04,1728.11,1033917,1732.38,1747.99,1725.04,1728.11,1033917,0.0,1.0
GOOG,2020-12-24,1738.85,1746.0,1729.11,1735.0,346753,1738.85,1746.0,1729.11,1735.0,346753,0.0,1.0
GOOG,2020-12-28,1776.09,1790.7276,1746.335,1751.635,1390962,1776.09,1790.7276,1746.335,1751.635,1390962,0.0,1.0
GOOG,2020-12-29,1758.72,1792.44,1756.09,1787.79,1299395,1758.72,1792.44,1756.09,1787.79,1299395,0.0,1.0
GOOG,2020-12-30,1739.52,1765.095,1725.6,1762.01,1306130,1739.52,1765.095,1725.6,1762.01,1306130,0.0,1.0
GOOG,2020-12-31,1751.88,1758.93,1735.42,1735.42,1012240,1751.88,1758.93,1735.42,1735.42,1012240,0.0,1.0
